{"mode": "train", "epoch": 1, "iter": 600, "lr": 0.0025, "memory": 3093, "data_time": 0.21069, "loss_rpn_cls": 0.0932, "loss_rpn_bbox": 0.03812, "loss_cls": 0.32318, "acc": 93.05208, "loss_bbox": 0.24613, "loss": 0.70064, "time": 0.59612}
{"mode": "train", "epoch": 1, "iter": 1200, "lr": 0.0025, "memory": 3093, "data_time": 0.00832, "loss_rpn_cls": 0.06228, "loss_rpn_bbox": 0.03396, "loss_cls": 0.29733, "acc": 92.43896, "loss_bbox": 0.26927, "loss": 0.66284, "time": 0.41366}
{"mode": "train", "epoch": 2, "iter": 600, "lr": 0.0025, "memory": 3093, "data_time": 0.01185, "loss_rpn_cls": 0.05414, "loss_rpn_bbox": 0.03376, "loss_cls": 0.29912, "acc": 91.8763, "loss_bbox": 0.27918, "loss": 0.6662, "time": 0.41456}
{"mode": "train", "epoch": 2, "iter": 1200, "lr": 0.0025, "memory": 3093, "data_time": 0.00872, "loss_rpn_cls": 0.04737, "loss_rpn_bbox": 0.03198, "loss_cls": 0.29378, "acc": 91.79378, "loss_bbox": 0.2806, "loss": 0.65374, "time": 0.41426}
{"mode": "train", "epoch": 3, "iter": 600, "lr": 0.0025, "memory": 3312, "data_time": 0.01176, "loss_rpn_cls": 0.04368, "loss_rpn_bbox": 0.03141, "loss_cls": 0.29669, "acc": 91.39111, "loss_bbox": 0.28867, "loss": 0.66045, "time": 0.41493}
{"mode": "train", "epoch": 3, "iter": 1200, "lr": 0.0025, "memory": 3312, "data_time": 0.00857, "loss_rpn_cls": 0.04296, "loss_rpn_bbox": 0.03233, "loss_cls": 0.29185, "acc": 91.46419, "loss_bbox": 0.28546, "loss": 0.6526, "time": 0.41397}
{"mode": "train", "epoch": 4, "iter": 600, "lr": 0.0025, "memory": 3312, "data_time": 0.012, "loss_rpn_cls": 0.04081, "loss_rpn_bbox": 0.03044, "loss_cls": 0.28776, "acc": 91.46452, "loss_bbox": 0.28373, "loss": 0.64274, "time": 0.41494}
{"mode": "train", "epoch": 4, "iter": 1200, "lr": 0.0025, "memory": 3312, "data_time": 0.0086, "loss_rpn_cls": 0.03863, "loss_rpn_bbox": 0.0308, "loss_cls": 0.28839, "acc": 91.34326, "loss_bbox": 0.28974, "loss": 0.64756, "time": 0.41352}
{"mode": "train", "epoch": 1, "iter": 600, "lr": 0.0025, "memory": 3573, "data_time": 0.01188, "loss_rpn_cls": 0.09386, "loss_rpn_bbox": 0.03802, "loss_cls": 0.32402, "acc": 93.03776, "loss_bbox": 0.24555, "loss": 0.70145, "time": 0.41846}
{"mode": "train", "epoch": 1, "iter": 1200, "lr": 0.0025, "memory": 3573, "data_time": 0.00844, "loss_rpn_cls": 0.06245, "loss_rpn_bbox": 0.03392, "loss_cls": 0.29774, "acc": 92.37191, "loss_bbox": 0.27017, "loss": 0.66427, "time": 0.41335}
{"mode": "train", "epoch": 2, "iter": 600, "lr": 0.0025, "memory": 3573, "data_time": 0.01169, "loss_rpn_cls": 0.05393, "loss_rpn_bbox": 0.03377, "loss_cls": 0.29995, "acc": 91.78662, "loss_bbox": 0.28208, "loss": 0.66973, "time": 0.41444}
{"mode": "train", "epoch": 2, "iter": 1200, "lr": 0.0025, "memory": 3573, "data_time": 0.00875, "loss_rpn_cls": 0.04761, "loss_rpn_bbox": 0.0319, "loss_cls": 0.29328, "acc": 91.79932, "loss_bbox": 0.2801, "loss": 0.65288, "time": 0.41342}
{"mode": "train", "epoch": 3, "iter": 600, "lr": 0.0025, "memory": 3795, "data_time": 0.01187, "loss_rpn_cls": 0.04388, "loss_rpn_bbox": 0.03162, "loss_cls": 0.29941, "acc": 91.32536, "loss_bbox": 0.29161, "loss": 0.66652, "time": 0.41543}
{"mode": "train", "epoch": 3, "iter": 1200, "lr": 0.0025, "memory": 3795, "data_time": 0.0086, "loss_rpn_cls": 0.04349, "loss_rpn_bbox": 0.03233, "loss_cls": 0.29216, "acc": 91.44792, "loss_bbox": 0.28475, "loss": 0.65273, "time": 0.41373}
{"mode": "val", "epoch": 3, "iter": 1098, "lr": 0.0025, "bbox_mAP": 0.119, "bbox_mAP_50": 0.264, "bbox_mAP_75": 0.099, "bbox_mAP_s": 0.038, "bbox_mAP_m": 0.066, "bbox_mAP_l": 0.139, "bbox_mAP_copypaste": "0.119 0.264 0.099 0.038 0.066 0.139"}
{"mode": "train", "epoch": 4, "iter": 600, "lr": 0.0025, "memory": 3795, "data_time": 0.01175, "loss_rpn_cls": 0.04072, "loss_rpn_bbox": 0.03053, "loss_cls": 0.28676, "acc": 91.4528, "loss_bbox": 0.28275, "loss": 0.64077, "time": 0.41541}
{"mode": "train", "epoch": 4, "iter": 1200, "lr": 0.0025, "memory": 3795, "data_time": 0.00842, "loss_rpn_cls": 0.03907, "loss_rpn_bbox": 0.03101, "loss_cls": 0.28779, "acc": 91.38021, "loss_bbox": 0.28743, "loss": 0.6453, "time": 0.41322}
{"mode": "train", "epoch": 5, "iter": 600, "lr": 0.0025, "memory": 3795, "data_time": 0.012, "loss_rpn_cls": 0.0365, "loss_rpn_bbox": 0.02999, "loss_cls": 0.28113, "acc": 91.389, "loss_bbox": 0.28406, "loss": 0.63168, "time": 0.41531}
{"mode": "train", "epoch": 5, "iter": 1200, "lr": 0.0025, "memory": 3795, "data_time": 0.0087, "loss_rpn_cls": 0.03782, "loss_rpn_bbox": 0.03101, "loss_cls": 0.28673, "acc": 91.41081, "loss_bbox": 0.28744, "loss": 0.64299, "time": 0.41236}
{"mode": "train", "epoch": 6, "iter": 600, "lr": 0.0025, "memory": 3795, "data_time": 0.01199, "loss_rpn_cls": 0.03349, "loss_rpn_bbox": 0.03054, "loss_cls": 0.27455, "acc": 91.4502, "loss_bbox": 0.28374, "loss": 0.62233, "time": 0.41583}
{"mode": "train", "epoch": 6, "iter": 1200, "lr": 0.0025, "memory": 3795, "data_time": 0.00864, "loss_rpn_cls": 0.03382, "loss_rpn_bbox": 0.02859, "loss_cls": 0.26865, "acc": 91.6084, "loss_bbox": 0.27839, "loss": 0.60945, "time": 0.41254}
{"mode": "val", "epoch": 6, "iter": 1098, "lr": 0.0025, "bbox_mAP": 0.137, "bbox_mAP_50": 0.314, "bbox_mAP_75": 0.107, "bbox_mAP_s": 0.04, "bbox_mAP_m": 0.072, "bbox_mAP_l": 0.165, "bbox_mAP_copypaste": "0.137 0.314 0.107 0.040 0.072 0.165"}
